{
  "best_val_acc": 0.12149532710280374,
  "test_acc": 0.1366120218579235,
  "test_macro_f1": 0.1358071385198717,
  "num_classes": 30,
  "train_size": 1558,
  "val_size": 321,
  "test_size": 366
}